{"all_test_time": 9.062999999965541, "all_test_count": 8, "all_test_success": false, "datetime": "16.01.2024 16:28:32", "results": {"connect.erc.ua": {"time": 0.09948205947875977, "speed": 0.0, "is_error": true, "status_code": 0, "url_error": 0, "connect_error": 1, "detail_info": {"62.80.166.214": {"is_error": false, "time": 0.08021044731140137}, "128.0.168.73": {"is_error": false, "time": 0.014002323150634766}}, "count": 2, "error": "need 3 ip, but have 2"}, "Cifra_Fortik": {"time": 4.017499685287476, "is_error": false, "detail": {"avg": "8.533", "loss": 0, "ip": "62.80.166.217"}}, "Cifra_Cisco": {"time": 4.018519163131714, "is_error": false, "detail": {"avg": "8.683", "loss": 0, "ip": "62.80.166.218"}}, "Golden_Fortik": {"time": 9.049360513687134, "is_error": true, "detail": {"avg": null, "loss": 5, "ip": "212.82.220.133"}}, "Cifra_Gate": {"time": 4.018532991409302, "is_error": false, "detail": {"avg": "11.504", "loss": 0, "ip": "62.80.166.209"}}, "Golden_Gate": {"time": 9.04836106300354, "is_error": true, "detail": {"avg": null, "loss": 5, "ip": "212.82.220.129"}}, "1C_Inter": {"is_error": false, "time": 8.051950693130493, "error": null, "count": 2, "detail_info": {"128.0.168.76": {"is_error": false, "time": 4.026275634765625, "avg": "25.477", "loss": 0}, "62.80.166.212": {"is_error": false, "time": 4.022306442260742, "avg": "9.256", "loss": 0}}}, "Golden_Gate_test": {"time": 9.047360181808472, "is_error": true, "detail": {"avg": null, "loss": 5, "ip": "192.168.0.1"}}}, "timestamp": 1705415312.1536183}